MFI Branch,Branch
MFI Center,Center
MFI Group,Group
MFI Member,Member
MFI KYC,KYC
MFI Loan,Loan
MFI Loan Product,Loan Product
MFI Field Officer,Field Officer
MFI Area Survey,Area Survey
MFI Group Member,Group Member
MFI Repayment Schedule,Repayment Schedule
Add MFI Branch,Add
Add MFI Center,Add
Add MFI Group,Add
Add MFI Member,Add
Add MFI KYC,Add
Add MFI Loan,Add
Add MFI Loan Product,Add
Add MFI Field Officer,Add
Add MFI Area Survey,Add
New MFI Branch,New
New MFI Center,New
New MFI Group,New
New MFI Member,New
New MFI KYC,New
New MFI Loan,New
New MFI Loan Product,New
New MFI Field Officer,New
New MFI Area Survey,New
Add Branch,Add
Add Center,Add
Add Group,Add
Add Member,Add
Add KYC,Add
Add Loan,Add
Add Loan Product,Add
Add Field Officer,Add
Add Area Survey,Add
New Branch,New
New Center,New
New Group,New
New Member,New
New KYC,New
New Loan,New
New Loan Product,New
New Field Officer,New
New Area Survey,New
